[
    {
        "key": "group_5ac07a9819bc0",
        "title": "Movie Information",
        "fields": [
            {
                "key": "field_5ac078bd0fecd",
                "label": "Year",
                "name": "year",
                "type": "number",
                "instructions": "",
                "required": 1,
                "conditional_logic": 0,
                "wrapper": {
                    "width": "",
                    "class": "",
                    "id": ""
                },
                "default_value": "",
                "placeholder": "",
                "prepend": "",
                "append": "",
                "min": "",
                "max": "",
                "step": ""
            },
            {
                "key": "field_5ac0718ef87b8",
                "label": "IMDB Rating",
                "name": "rating",
                "type": "text",
                "instructions": "",
                "required": 1,
                "conditional_logic": 0,
                "wrapper": {
                    "width": "",
                    "class": "",
                    "id": ""
                },
                "default_value": "",
                "placeholder": "",
                "prepend": "",
                "append": "",
                "formatting": "none",
                "maxlength": ""
            },
            {
                "key": "field_5ac071c7f87b9",
                "label": "Director",
                "name": "director",
                "type": "text",
                "instructions": "",
                "required": 1,
                "conditional_logic": 0,
                "wrapper": {
                    "width": "",
                    "class": "",
                    "id": ""
                },
                "default_value": "",
                "placeholder": "",
                "prepend": "",
                "append": "",
                "formatting": "none",
                "maxlength": ""
            },
            {
                "key": "field_5ac071e6f87ba",
                "label": "Language",
                "name": "language",
                "type": "radio",
                "instructions": "",
                "required": 1,
                "conditional_logic": 0,
                "wrapper": {
                    "width": "",
                    "class": "",
                    "id": ""
                },
                "choices": {
                    "english": "English",
                    "korean": "Korean",
                    "hindi": "Hindi",
                    "serbian": "Serbian",
                    "malayalam": "Malayalam"
                },
                "allow_null": 0,
                "other_choice": 0,
                "save_other_choice": 0,
                "default_value": "",
                "layout": "horizontal",
                "return_format": "label"
            }
        ],
        "location": [
            [
                {
                    "param": "post_type",
                    "operator": "==",
                    "value": "movie"
                }
            ]
        ],
        "menu_order": 0,
        "position": "normal",
        "style": "seamless",
        "label_placement": "top",
        "instruction_placement": "label",
        "hide_on_screen": "",
        "active": 1,
        "description": ""
    }
]